topic_id,name,description,keywords,users,message_count,created_at,updated_at
0246a691-19af-4c24-9742-9302dcb97672,SM Pro - Link Style Consistency Across Platform,"Discussion on ensuring link styles are consistent across SM Pro platform, specifically addressing dashed vs. non-dashed styles in brand kit and website links.",SM Pro;link style;dashed links;brand kit;component style,Abdurrahman,1,2025-12-11T20:24:52.98Z,2025-12-11T20:24:53.836Z
02f15f35-0577-4860-96c6-930c3f792571,Stacked Marketer - Newsletter Subscription to WHAT THE AFF List Integration,Confirming the integration process for adding users who subscribe to the Stacked Marketer free newsletter to the WHAT THE AFF list on Campaign Monitor (CM).,Stacked Marketer;newsletter;subscription;WHAT THE AFF;Campaign Monitor;integration,Parnia;Manu;Abdurrahman,3,2025-12-11T21:11:32.262Z,2025-12-11T21:12:12.619Z
03387707-bb37-4f04-b13f-c403c2660db7,SM Pro - Campaign Link Custom Query Validation,Discussion on validating the addition of a custom query to campaign links in the 'You Signed Up For This' feature to track content during the user journey.,SM Pro;signup flow;landing page;optimization;user journey,Abdurrahman,2,2025-12-11T21:07:50.753Z,2025-12-11T21:08:02.064Z
03e65d57-2b3d-44ee-8d24-35604a943e45,Course Visibility Issue on Stacked Marketer Page,Investigate the issue where a newly released course is not showing up on the Stacked Marketer courses page. Determine if there is a limit to the number of courses displayed or if there is another underlying issue.,course visibility;Stacked Marketer;course limit;display issue,Manu,1,2025-12-11T20:48:56.846Z,2025-12-11T20:48:57.921Z
04da0207-2da5-4751-936e-fc151a755b08,Production Deployment - Upcoming Content and User Redirection,"Tasks ready for production deployment: 1) Upcoming content updates, 2) Redirecting logged-out users from account page to login page. Decision needed on staging check or direct live deployment.",production deployment;upcoming content;user redirection;staging;live deployment,Masoud Tahsiri;Manu,2,2025-12-11T20:41:56.989Z,2025-12-11T20:42:05.462Z
04f79545-89e9-421e-827c-183cb0072f43,Optimize Load Speed for Newsletter Signup Pages,"Investigate and resolve the slow loading time issue on the newsletter signup pages. Gather information on specific cases such as device type, browser, and user status to replicate the issue.",optimize;load speed;newsletter;signup pages;performance,Parnia,1,2025-12-11T20:30:20.494Z,2025-12-11T20:30:21.386Z
05125fb1-5e5e-46c2-a1ce-d7b654441e10,Staging Environment - Automation Flow Implementation and QA Updates,"Updates on the automation flow implementation on the staging environment, including QA approval, minor fixes, and addressing internal challenges causing delays. Ensures readiness for production deployment.",staging;production;deployment;persistence;bug fixes;adjustments,Manu;Parnia,4,2025-12-11T20:00:41.957Z,2025-12-11T21:48:18.546Z
05381bec-2af5-48c7-bb6e-d47679d5f1ed,Refactored Website - Feedback Document Comments,Ensure comments are added to the feedback document for the refactored website to track new items and relay feedback to the team effectively.,refactored website;local copy;development progress;website progress,Manu;Parnia,11,2025-12-11T21:02:27.572Z,2025-12-11T21:29:45.725Z
06243143-c263-43a4-9876-fa3505d4c0d5,Course Offering Planning for Next 12 Months,Discussion on the expected number of courses to be offered over the next 12 months and related planning considerations.,course planning;course limit;next 12 months;course offering,Manu,1,2025-12-11T21:13:36.111Z,2025-12-11T21:13:37.393Z
06379b13-84b3-4293-b3e1-052289724933,Email Preference Center - Token Permission Error,"Investigate the issue where a subscriber's token does not work, resulting in a 'Sorry, you don’t have permission' message when attempting to change their email. This appears to be an edge case as manual updates were required.",Email Preference Center;token;permission error;edge case;manual update,Manu,1,2025-12-11T20:28:45.128Z,2025-12-11T20:28:46.115Z
06a2c8f4-8fcc-4be0-a1f1-17e539bee99f,Offer Wall Analytics Update Without Survey,Discussion and prioritization of updating the Offer Wall Analytics to function immediately after signup without requiring a survey. This task is prioritized alongside planned plugin updates.,Offer Wall Analytics;subscription;survey;data collection,Manu,2,2025-12-11T20:56:20.88Z,2025-12-11T20:56:37.018Z
080eec95-3b3a-470b-8829-57e67a710006,AutoPub - JavaScript Error in Template Preview,"Investigate the error occurring when creating a preview in AutoPub, which is caused by JavaScript in the template. This issue needs to be addressed to ensure smooth preview generation without errors.",AutoPub;template;JavaScript;preview;error,Manu;Parnia,2,2025-12-11T21:30:22.395Z,2025-12-11T21:31:04.359Z
08b29b9d-0455-411d-a03a-0f390eb164b5,SM Pro - Content Access Issue for Active Subscribers,"Investigate and resolve the issue where users with active subscriptions are unable to access content, being redirected to the homepage and asked for a password. Possible cookie acceptance issue suspected.",SM Pro;content access;active subscription;cookie issue;redirect,Manu,1,2025-12-11T20:26:33.896Z,2025-12-11T20:26:34.82Z
0a03b01b-6c4e-4c4e-966d-c8e9d18e7ea8,Sprint Planning and Task Prioritization [August 7th - August 20th],"Discussion and decisions regarding task priorities and time estimates for the sprint period from August 7th to August 20th, including planning for upcoming tasks and resource allocation.",sprint;July;August;automation;newsletter;Pro header,Parnia;Manu,12,2025-12-11T21:45:01.365Z,2025-12-11T21:49:14Z
0ab88113-dc13-4939-bca5-2a907b08d006,Appreciation for Dev Team,Messages expressing appreciation and gratitude towards the development team for their efforts and contributions.,appreciation;dev team;gratitude,Manu,1,2025-12-11T21:07:06.914Z,2025-12-11T21:07:08.027Z
0eac259b-0b8b-4e37-8e3a-3ba9577b6c7c,User Management - Channel Exit,Tracking users who leave the channel for team management purposes.,user exit;channel leave;team management,Navid;Slackbot,2,2025-12-11T20:54:22.978Z,2025-12-11T21:53:49.367Z
0ecd163a-c457-42e6-9d93-f1d589fa4df5,SM Pro - User Status and Abandoned Signup Email Issue,"Address the issue where the SM Pro list in CM is not correctly tagging users as ACTIVE or CANCELED, leading to all users receiving Abandoned Signup emails. Investigate how to pass user status information accurately and update the system accordingly.",SM Pro;user status;ACTIVE;CANCELED;Abandoned Signup emails;MemberPress;MailOptin,Manu,4,2025-12-11T19:59:40.742Z,2025-12-11T21:14:34.171Z
125de13a-65a8-433f-8862-e7ea2ccd9598,Marketing Content Update Frequency,Discussion on how marketing content changes over a 12-month period and the need for updated content consumption.,marketing;content;update;frequency;12 months,Manu,1,2025-12-11T21:19:06.033Z,2025-12-11T21:19:06.845Z
13b6d105-2606-426f-813c-c571dd45a162,Local Domain Email Issue - Stackedmarketer,"Investigate the issue of emails being sent with the stackedmarketer.local domain, which is not set up. Determine if there is a local installation or misconfiguration causing this.",stackedmarketer.local;email issue;local installation;domain configuration,Manu,1,2025-12-11T20:57:11.813Z,2025-12-11T20:57:14.941Z
163ccfd3-e2d4-442e-afc8-65239bf69611,SM Pro Report - PDF Content Lock Overlay and Custom Snippet Removal,"Address the issue of custom HTML code inserted into the post excerpt of SM Pro reports, which is not standard practice and causes display issues.",SM Pro;report;HTML code;post excerpt;display issue,Abdurrahman;Manu,2,2025-12-11T20:29:47.61Z,2025-12-11T20:29:57.24Z
16ece0fb-f851-4578-b895-193650a47031,Job Manager Plugin - Setup and Implementation Estimate,"Discussion on evaluating the Job Manager Plugin for the job board, including setup and implementation estimates.",Job Manager Plugin;job board;setup;implementation;estimate,Parnia;Manu,2,2025-12-11T20:46:25.673Z,2025-12-11T20:46:40.599Z
192d8626-9f06-4d4e-9730-e026bafd9642,Sprint Recap - Design and Development Progress [Dec 25th - Jan 7th],"Summary of tasks completed and in progress during the sprint from Dec 25th to Jan 7th, covering design and development activities including Pro Checkout, Homepage, Reports, and various SM features.",sprint recap;design;development;Pro Checkout;Homepage;Reports;SM features,Parnia,1,2025-12-11T21:07:35.694Z,2025-12-11T21:07:36.835Z
1a66feec-5b9b-4edb-8276-e1d3c6ed08c5,Cloudways Server Scaling and Upgrade Testing,"Discussion and testing of scaling up the Cloudways server to 8GB and faster CPU, including potential downsides and backup considerations.",Cloudways;server upgrade;scaling;backup;CPU,Manu,3,2025-12-11T20:29:06.889Z,2025-12-11T22:11:02.151Z
1d0c0586-6551-4176-8917-548586904876,BBPress Migration to Alternative Solution,"Discussion on transitioning from BBPress to a different forum solution, exploring potential alternatives and migration strategies.",BBPress;forum migration;alternative solution;transition,Manu,1,2025-12-11T21:55:34.391Z,2025-12-11T21:55:35.302Z
1d2addd8-1769-4b07-a776-8c288d6727a2,Scheduled Post Email Notification Failure,Issue where scheduled posts are published but email notifications are not sent to subscribed users due to a background process issue.,scheduled post;email notification;background process;notification failure,Abdurrahman,1,2025-12-11T19:57:52.152Z,2025-12-11T19:57:53.425Z
1dbe4069-91e3-4457-a304-c3a5e8ebeeea,Newsletter Content Usage for Upcoming Issues,"Discussion about utilizing new content for upcoming newsletters, ensuring alignment with editorial goals and timelines.",newsletter;content;upcoming;editorial;usage,Manu,1,2025-12-11T21:59:27.561Z,2025-12-11T21:59:28.495Z
1ebaacc9-d4be-4cb9-a66f-77d8ee8432aa,Gravity Forms - Mobile Screen Jump Bug,"Investigate and resolve the issue where selecting an answer in Gravity Forms on mobile devices causes the screen to jump to the top, requiring users to scroll back down to continue.",Gravity Forms;mobile;screen jump;bug;survey,Manu,2,2025-12-11T20:41:18.099Z,2025-12-11T20:41:41.94Z
1ff10478-0bb8-4349-8805-a12153974cb7,SEO Services List and Estimates Review,Review and finalize the list of SEO services and estimates with partners. Document shared for feedback and updates.,SEO services;estimates;document review;partner collaboration,Parnia,1,2025-12-11T20:46:10.493Z,2025-12-11T20:46:11.786Z
2422071c-7c14-47ea-943d-bcaf992360b8,General Discussion,General messages and conversations,general;chat;discussion,Parnia,1,2025-12-11T21:29:58.649Z,2025-12-11T21:29:59.741Z
25c00bf5-e945-4f86-a69f-270a9c529769,SM Pro - Loading Spinner Customization in Forums,"Discussion on the customization of the loading spinner in the wpForo plugin, specifically moving it from the top right to the middle of the page or incorporating it within the submit button.",SM Pro;loading spinner;wpForo;customization;forums,Abdurrahman,1,2025-12-11T20:25:08.315Z,2025-12-11T20:25:09.51Z
268bfd76-515b-4f98-a5fc-871b346d528e,SM Pro - Mobile Coupon Section Update and Visibility Improvement,"Discussion and updates regarding the Coupon section on the SM Pro mobile platform, including visibility improvements and user experience enhancements.",SM Pro;checkout page;mobile;coupon field;user experience;improvement,Manu;Parnia,2,2025-12-11T20:06:18.937Z,2025-12-11T20:07:51.106Z
28de3769-2c43-40b2-bad4-4a7dfc5b254d,Retainer Rate Negotiation for Increased Hours,Discussion on negotiating the hourly rate for increased retainer hours and exploring options for a more favorable rate.,retainer;rate negotiation;hourly rate;increased hours,Manu,2,2025-12-11T21:52:47.254Z,2025-12-11T22:02:04.808Z
2a1f173d-3bcd-44c3-9e2b-ee35bde22fb3,User Join Notification,"Notification of a user joining the channel, typically not requiring further action or categorization.",user join;channel notification;new member,kamaji;Hossein Molavi;Dev Refact;workform-stage;Thomas,6,2025-12-11T19:55:49.399Z,2025-12-11T19:57:10.283Z
2d49e0a2-9c64-4914-8bfc-e05ece3b1742,"QA Process and Updates for Courses, Email Templates, and AutoPub","Ongoing QA process and updates for the Courses, Email Templates, and AutoPub, including Pro branding and design optimizations. Awaiting final review and feedback on email templates.",QA process;Courses;Checkout;Brain Teaser;Forum;Pro branding;email templates,Parnia,2,2025-12-11T21:27:36.025Z,2025-12-11T21:33:05.347Z
2f815cdc-2141-4c2c-8d35-0b657794112a,Free Homepage - New Design Update,Announcement of the updated design for the Free Homepage on the staging environment. Includes a link to the staging site for review.,Free Homepage;design update;staging;review,Parnia,1,2025-12-11T21:36:22.654Z,2025-12-11T21:36:23.643Z
2fef7644-3383-44d2-bf37-28ae10a69e8c,Stacked Marketer Pages - Broken Elements,"Investigate issues with various Stacked Marketer pages, including broken navigation, footers, testimonials, and other elements like the Thank You page.",Stacked Marketer;page issue;navigation;footer;testimonials,Manu,5,2025-12-11T20:50:13.82Z,2025-12-11T21:31:12.867Z
328f8e07-656d-417b-8ca3-053d144815a8,UI Text Change - Notify Me to Coming Soon,Discussion about changing the UI text from 'Notify Me' to 'Coming Soon' for better user communication.,UI text change;Notify Me;Coming Soon;button text update,Manu,1,2025-12-11T19:58:09.397Z,2025-12-11T19:58:10.649Z
33016c3f-7802-4eb2-98d3-306cfde03aa0,AutoPub - Database Error During Post Publishing,Investigate recurring database errors occurring during post publishing in AutoPub. Check logs for specific timeframes when the error is reported to identify root causes and potential fixes.,AutoPub;publish;preview;failure;update,Manu,2,2025-12-11T20:39:47.368Z,2025-12-11T20:59:25.828Z
3343601f-5724-4617-ae17-a52c94132503,Zapier Integration and Task Usage for Token Updates,"Discussion on the usage of Zapier tasks in relation to Token updates for CM, including implications and efficiency concerns.",Zapier;plugin;integration,Manu,4,2025-12-11T21:33:30.697Z,2025-12-11T22:10:54.207Z
37316834-6e90-4767-894e-e553fd6294ff,Branding Color Discrepancy - Tactics Reds vs. Blue Hex Code,"Address the issue of Tactics reds not being updated and still showing the blue hex code, ensuring consistency across branding materials.",branding;PDF;discrepancy;Figma;website;style guide,Manu;Julien Tricheux,3,2025-12-11T21:04:13.873Z,2025-12-11T21:04:48.003Z
375bbbe8-3a1a-487e-b0cb-f7c12526e528,SM Pro - Notify Me Feature for Upcoming Content,Discussion and updates regarding the implementation and status of the 'Notify Me' feature for upcoming content in SM Pro.,SM Pro;Notify Me;Upcoming Content;feature update,Manu,1,2025-12-11T20:02:33.756Z,2025-12-11T20:02:34.691Z
379fffa6-385d-43b4-9333-4f12c0f08def,September Hours and Q4 Planning Acknowledgment,Discussion about the remaining hours for September and planning tasks for Q4 based on available hours.,September hours;Q4 planning;task allocation,Manu;Parnia,4,2025-12-11T20:35:00.663Z,2025-12-11T22:10:44.518Z
37c9a673-4484-408c-aaab-66cdfa8755d1,SM Pro - Information Architecture and Category Intersection Enhancement,Discussion on improving the Information Architecture to allow filtering and intersection of categories for reports by topic or business model in the SM Pro section. This includes addressing limitations in current category pages and planning for new design implementations.,taxonomy;structure;Full Archive;Pro category;selectors,Abdurrahman;Manu,6,2025-12-11T21:19:48.003Z,2025-12-11T22:12:06.747Z
380cd5de-898e-4e5e-9228-be310e7dfc46,Channel Join Notifications,Notifications for users joining the channel.,join;channel;notification,Saeed;Saeedreza,2,2025-12-11T20:01:44.81Z,2025-12-11T21:00:38.82Z
38c4f0a9-5e97-4f98-9d54-9e0bf9fd36d4,PoM Publishing on WordPress - Section and Tag Usage,"Discussion on the structure and usage of tags in PoM publishing on WordPress, focusing on the inclusion and implications of different sections like 'FROM THE CREW' and '##IntroText'.",PoM;WordPress;publishing;intro section;sample document,Masoud Tahsiri;Manu,4,2025-12-11T22:03:25.976Z,2025-12-11T22:03:57.495Z
38d468a3-8925-435c-a57e-059a4b4b1cc6,SM Pro - Enable Comments on Courses/Lessons,Request to enable comments on courses/lessons using SM Pro Report styling for individual course lessons.,SM Pro;comments;courses;lessons;styling,Manu;Parnia,4,2025-12-11T19:57:23.143Z,2025-12-11T20:35:22.568Z
3af1d44e-3a92-426c-8df5-2345d6c81e4e,Cookie Banner - Mobile Visibility Issue,Investigate the issue with the cookie banner not displaying correctly on mobile devices across all pages.,cookie banner;mobile;visibility issue;all pages,Manu,1,2025-12-11T21:36:55.608Z,2025-12-11T21:36:56.59Z
3baa6597-9ba3-4014-b89e-6050dafc2b1e,Task Scheduling and Retainer Approval for April and May,"Discussion on the allocation of hours for various tasks in April and May, tracking of completed and pending tasks, and seeking approval to exceed the retainer limit for additional support hours.",April hours;task tracking;retainer approval;support hours,Parnia;Manu,2,2025-12-11T20:04:52.48Z,2025-12-11T20:05:08.188Z
3d8cfd68-c5d5-4620-972c-27e277bb486b,Staging Environment - Page Updates and Pre-Launch Testing,"Discussion about accessing the staging environment to test and update pages, ensuring readiness for the actual launch.",staging;access;testing;tracking;integrations,Manu;Asghar;Parnia,8,2025-12-11T21:29:11.542Z,2025-12-11T21:40:51.877Z
3e697188-2add-4715-a019-3b28bd424c80,Channel Activity - User Joined,Notifications related to users joining the channel.,user joined;channel activity;new member,Adrin,1,2025-12-11T21:24:23.152Z,2025-12-11T21:24:24.471Z
3f1d936d-4e37-4b53-9181-f3cfff29d8f6,Post Editor - Subscription Form Default State Configuration,"Discussion on the default state configuration of the Subscription Form option in the post editor, including the implications of switching it from ON to OFF.",post editor;subscription form;default state;ON;OFF,Abdurrahman,1,2025-12-11T21:35:48.521Z,2025-12-11T21:35:50.287Z
3f4ff38a-a1f6-4394-81c6-690829601e5d,MemberPress and Stripe Payment Detection Issue,"Investigate and resolve the issue where MemberPress is not detecting payments made through Stripe, leading to incorrect subscription cancellations.",MemberPress;Stripe;payment detection;subscription cancellation;urgent,Manu,1,2025-12-11T20:55:28.684Z,2025-12-11T20:55:29.64Z
41249302-a007-472a-ae1a-c98840d22029,Outlook Devices - Compatibility Issues,"Investigate and resolve compatibility issues affecting some Outlook devices. The issue is not universal but affects certain devices, requiring identification of the specific conditions or configurations causing the problem.",Outlook;devices;compatibility;issues,Manu,1,2025-12-11T21:47:57Z,2025-12-11T21:47:58.034Z
4192aab6-f8ec-4b2c-927d-163648da882b,Monthly Meeting Schedule Change,Discussion about changing the frequency of meetings to monthly due to a smaller retainer and to optimize time usage.,monthly meeting;schedule change;retainer;time optimization,Parnia,1,2025-12-11T20:31:18.288Z,2025-12-11T20:31:19.345Z
421aa684-3cc7-4476-a719-0980a5e408f1,Channel Join Notifications,"Notifications for users joining the channel, typically not requiring further action.",join;channel;notification,Ali Karimi,1,2025-12-11T20:00:11.932Z,2025-12-11T20:00:13.157Z
432abe10-7a03-48ca-8bc9-8f801f197b0c,Twitter Logo Update to X,Discussion and implementation of updating the Twitter logo to X in the relevant platforms and materials.,Twitter;logo;update;X,Manu,1,2025-12-11T20:37:58.972Z,2025-12-11T20:38:00.251Z
44546502-8f95-46c8-8dc3-2d41e4f9f6d0,AutoPub - Reliable Testing with Newsletter Examples,Creation of a folder with real newsletter examples for each template to ensure more reliable testing for AutoPub. This approach aims to provide a realistic test environment by using actual content that matches the standard newsletters.,AutoPub;newsletter;testing;examples;realistic,Manu,1,2025-12-11T22:05:47.858Z,2025-12-11T22:05:48.854Z
46e7d92f-5f4c-49ed-89c1-cdc4c5ce7783,Stackedmarketer Website Launch Completion,Announcement of the successful completion of the Stackedmarketer website launch.,Stackedmarketer;website launch;completion;announcement,Parnia;Masoud Tahsiri,2,2025-12-11T19:58:43.99Z,2025-12-11T20:23:41.657Z
4784195e-27e9-46d9-9052-1f750ddd2dd1,SM Pro - Learning Hub Order Adjustment Based on Feedback,"Adjustments made to the order in the SM Pro Learning Hub based on user feedback, implemented on both staging and production environments.",SM Pro;Learning Hub;order change;feedback;staging;production,Manu,1,2025-12-11T20:06:31.148Z,2025-12-11T20:06:32.038Z
47946cf3-70f5-41de-a485-32868fa90f6b,SM Pro Project Clarification and Meeting Agendas,"Includes discussions on SM Pro project requirements, design and branding updates, and meeting agendas for scope definition and planning.",SM Pro;project clarification;branding retouch;design timeline;homepage;newsletter email template;single article;article archive,Parnia,2,2025-12-11T22:05:27.105Z,2025-12-11T22:06:24.408Z
491fb757-c914-4903-b04a-d959d3597746,Database Username Change Request,"Request to change the username in the database for a specific user, particularly for cases where the username was automatically allocated and needs to be updated to a preferred one.",database;username;change;request;update,Manu,1,2025-12-11T20:00:57.11Z,2025-12-11T20:00:58.021Z
49576b27-8bd0-4e0c-bab4-9d9adca009d8,Learning Hub Updates - Design and Development Progress,"Comprehensive updates on the Learning Hub, including design and development progress. Covers new widget additions, navigation updates, and upcoming tasks for implementation.",Learning Hub;adjustments;social features;job board plugin;Tactics widget,Manu;Parnia,8,2025-12-11T20:36:54.539Z,2025-12-11T20:45:19.549Z
49b9bf9c-365c-4461-9433-9d1e3f60529d,SM Pro - UTM Tracking and Addition Issues in Campaign Monitor,Investigate and resolve issues where UTMs are not correctly passed and additions are not made correctly for the SM Pro list in Campaign Monitor.,UTM;tracking;SM Pro;Campaign Monitor;issue,Manu,3,2025-12-11T21:12:26.615Z,2025-12-11T21:12:49.066Z
4a473026-1f22-41a8-9d9d-e32c2f544e58,Sprint Recap and Planning [Nov 13th - Dec 10th],"Summary of tasks completed in the previous sprint (Nov 13th - 26th) and planned tasks for the current sprint (Nov 27th - Dec 10th), covering design updates, PHP 8.2 upgrade, and development tasks including Zapier removal and newsletter refactor.",sprint recap;AutoPub;PHP 8.2;design;SM Pro;newsletter,Parnia,2,2025-12-11T22:05:06.331Z,2025-12-11T22:08:39.979Z
4a90b19e-eacd-4972-ae98-834f8b75c7c4,AutoPub - Image Uploading Error with New Version,"Investigate the issue in AutoPub where the wrong images are uploaded, occurring sporadically with the newest version. This may be related to caching problems that prevent image updates.",AutoPub;image bug;WordPress;category assignment;hidden formatting,Manu;Parnia,9,2025-12-11T21:14:47.74Z,2025-12-11T22:01:48.304Z
4ac5b965-c57f-427f-8a84-2f4e19f836ad,Stackedmarketer Website Launch Strategy and Phases,"Discussion on the strategy and phased approach for the Stackedmarketer website launch, including options for full launch in April or a two-phased launch starting in mid-March.",Stackedmarketer;website launch;strategy;phases;scope changes,Parnia;Manu;Naghmeh,13,2025-12-11T21:21:53.282Z,2025-12-11T21:38:49.187Z
4daab490-288b-4a36-a29a-7bb4a74b7d7e,CM Test Entry - To Delete,Discussion about a test entry in Campaign Monitor marked as 'To Delete' by Manu.,CM;Campaign Monitor;test entry;delete;Manu,Manu,1,2025-12-11T22:13:12.527Z,2025-12-11T22:13:13.566Z
4e34ee76-52b8-4485-b9d0-2d4e5fcd90fa,User Join Notifications,"Notifications for users joining the Slack channel, indicating new members or returning participants.",user join;channel join;new member;participant notification,Ali,1,2025-12-11T22:08:18.768Z,2025-12-11T22:08:19.581Z
4ee3eb00-d716-4fe4-8a9f-f0e22527f611,Channel Join Notifications,Track notifications of users joining the channel for administrative purposes.,join;channel;notification;user,Abdurrahman,1,2025-12-11T22:06:07.981Z,2025-12-11T22:06:08.906Z
4effc6a5-12e9-4d53-8318-377793ac61fc,Website - Restricted Post Scheduling Bug,Issue where scheduling a restricted post for the 1st of the following month results in it not being published and showing as 'past publishing date'. Requires manual publishing.,restricted post;scheduling;publishing date;manual publish,Manu,1,2025-12-11T21:56:12.196Z,2025-12-11T21:56:13.096Z
4f5c933a-d3b9-4536-b79f-f68cd27993e0,Out of Office Notification - Naghmeh,Notification about Naghmeh being out of office next week and Parnia assisting during this time.,out of office;OOO;Naghmeh;Parnia;assistance,Naghmeh;Parnia,2,2025-12-11T20:04:33.153Z,2025-12-11T21:54:00.919Z
51755220-11cd-4df3-8096-8cca5ca37eaa,WordPress Critical Error - Website Offline,Investigate the critical error causing the WordPress installation to take the website offline. This includes checking server logs and configurations specific to WordPress to identify the root cause and restore website functionality.,website access;server log;error;cache clearing;incognito mode,Manu,4,2025-12-11T20:27:28.909Z,2025-12-11T21:01:23.766Z
530404e6-4259-4a24-87cc-d6f378b25a6b,AutoPub - Sponsor Logo and Intro Update Issue in WordPress,"Investigate and resolve the issue where sponsor logos and intros are not updated correctly in AutoPub files on WordPress, causing them to appear together or not at all, which is incorrect behavior.",AutoPub;HTML;WordPress;generation;issue,Manu;Parnia,4,2025-12-11T21:59:03.829Z,2025-12-11T22:05:36.75Z
55bb348c-46ed-4f41-b9e5-24fd53c10163,General Follow-up and Acknowledgment,Messages indicating receipt of information and a promise to follow up with the team or individual.,follow-up;acknowledgment;team check;response,Parnia,1,2025-12-11T21:56:24.521Z,2025-12-11T21:56:25.77Z
55c6f923-26e6-4e33-8556-a0cd652021ca,Corporate Account Management Dashboard Proposal,"Discussion on the potential development of a corporate account management dashboard, allowing team access management and account switching.",corporate account;dashboard;team management;account switching,Abdurrahman,1,2025-12-11T21:15:26.888Z,2025-12-11T21:15:28.045Z
580a3203-c242-4cdf-bb4c-eb146768b48d,Email Preference Center Implementation,"Discussion on the implementation requirements for the Email Preference Center, including necessary template links and backend support.",Email Preference Center;implementation;template links;backend,Manu,1,2025-12-11T20:02:47.889Z,2025-12-11T20:02:48.826Z
588cce1b-62b4-42ef-99fc-f39a180c2434,MX Records Blocking for Disposable Emails and Fraud Prevention,Discussion on using MX records to block IPs associated with disposable emails or potential fraud. Reference to a Twitter post for future consideration.,MX records;disposable emails;fraud prevention;IP blocking,Manu,1,2025-12-11T21:57:20.416Z,2025-12-11T21:57:21.336Z
591e8e1b-a1c5-4c4f-85c8-12cb67f2f235,AutoPub - Campaign Creation Delay and Failure,Investigate the recurring issue where AutoPub takes an unusually long time or fails to create campaigns. This has been happening for several days and needs immediate attention to identify root causes and implement fixes.,AutoPub;campaign;creation;delay;failure,Manu,2,2025-12-11T21:01:08.932Z,2025-12-11T21:01:32.112Z
591f79e8-b0df-41f7-8ce2-d0ded1c34e5f,Stacked Marketer - Navigation Redesign,"Discussion and decisions regarding the redesign of the navigation elements for Stacked Marketer, including navbar components and dropdowns.",Stacked Marketer;sidebar;navigation;redesign;structure,Manu,8,2025-12-11T21:23:10.265Z,2025-12-11T21:24:12.614Z
595257f6-042a-4007-9a6e-c1f3933eed90,Profile Page - Email Edit Restriction Proposal,Discussion on restricting email edits on the Profile Page to prevent issues with unique identifiers and Memberpress token consistency. Suggestion to make the email field non-editable and handle changes through support.,Profile Page;email edit;restriction;Memberpress;unique identifier,Abdurrahman,1,2025-12-11T20:33:44.303Z,2025-12-11T20:33:45.592Z
5a6c0f94-db80-4a06-bddb-db604505f441,Stacked Marketer - Page Design and Redesign Discussion,"Discussion on the design and redesign of various pages for Stacked Marketer, including landing pages, hub pages, and other related sections.",Stacked Marketer;signup;landing page;design;lightweight,Manu;Parnia,12,2025-12-11T22:06:47.315Z,2025-12-11T22:14:58.193Z
5abb4a7e-49aa-4b7f-b82f-ffb5aa9d65ce,"Independent Tasks - BBPress Replacement, Email Preference Center, and SM Pro Integration","Discussion on tasks that can be done independently of design, including replacing BBPress, implementing an email preference center with Campaign Monitor API, importing Psychology of Marketing articles to WordPress, creating email polls, and improving SM Pro subscriber integration with MemberPress and Campaign Monitor.",BBPress replacement;Email Preference Center;SM Pro integration;Campaign Monitor;MemberPress,Manu;Parnia,3,2025-12-11T21:56:00.743Z,2025-12-11T22:00:26.299Z
5c3dd76a-221a-4a48-b5c8-5f2ab7080217,Landing Page - Mobile Visibility Customization,"Discussion on how to customize landing pages to hide specific blocks, such as hero images, on mobile devices.",landing page;mobile;visibility;hero image;customization,Manu,1,2025-12-11T20:28:25.107Z,2025-12-11T20:28:25.985Z
5d941366-2392-4cb9-86c0-833aecde166f,Server SFTP Connection Rejection,"Investigate the issue where the server is rejecting SFTP connections, affecting FileZilla and other clients. Determine if recent server changes are the cause.",SFTP;FileZilla;server connection;rejection;server changes,Manu,1,2025-12-11T20:27:44.015Z,2025-12-11T20:27:44.977Z
60e34e27-41de-4719-8188-aa9fd90e5fae,Template Padding Adjustment for Pro Reports and Free Data Stories,Adjust the padding for templates used in Pro Reports and Free Data Stories to improve content visibility on small screens. Change padding from 13.125rem to 3.5rem.,template;padding;adjustment;Pro Reports;free data stories;visibility,Manu,1,2025-12-11T20:50:30.728Z,2025-12-11T20:50:31.697Z
60e4a81f-d247-41d4-a0dd-dc4bb85d1bf3,Conversion Deeplink - Cookie Expiration Policy,Discussion on the appropriate expiration time for cookies used in Conversion Deeplink to track offered content. Includes considerations for when cookies should expire or be updated based on user interactions with paywalls.,Conversion Deeplink;cookie expiration;offered content;paywall,Abdurrahman,1,2025-12-11T21:15:48.322Z,2025-12-11T21:15:49.462Z
61518f82-d70a-405f-92e5-fa142e2ea394,Explore Page - Filtering Logic Update and Deployment Schedule,"Discussion on updating the filtering logic on the Explore page, affecting deployment schedules. Includes scheduling changes and coordination for deployment.",Learning Hub;Explore page;link;search;category,Abdurrahman;Parnia,4,2025-12-11T20:23:54.005Z,2025-12-11T20:29:16.974Z
61e7aeaf-e073-494c-bd99-3d78800e0e39,Sprint Recap - Design and Development Progress [Nov 27th - Dec 10th],"Summary of tasks completed and in progress during the sprint from Nov 27th to Dec 10th, covering design and development activities including newsletter pages, plugins, and style guide updates.",sprint recap;design;development;newsletter;plugin;style guide,Parnia,1,2025-12-11T21:03:13.059Z,2025-12-11T21:03:24.594Z
62e29cb8-636c-47b4-848d-5b5f76cd09e1,wpForo - Forum Notifications Email Override Issue,Issue with wpForo plugin where forum notifications are sent from an unauthorized email address due to settings override.,wpForo;forum notifications;email override;unauthorized email,Manu,1,2025-12-11T21:16:57.595Z,2025-12-11T21:16:58.872Z
6477223c-8021-4426-af41-bbe281127f9f,Sparkloop Scripts Request for PoM and Tactics,"Request for Sparkloop scripts related to PoM and Tactics, possibly for integration or update purposes.",Sparkloop;scripts;PoM;Tactics;request,Asghar;Manu;Parnia,5,2025-12-11T21:40:17.5Z,2025-12-11T21:57:10.02Z
652acdd6-ce6d-406f-92e5-36e75326c6eb,Perfmatters and Gravity Forms Redirect Conflict,"Address the conflict between Perfmatters JavaScript optimization and Gravity Forms redirects, which required temporarily disabling Perfmatters. Explore solutions to tweak settings or identify specific files causing the issue.",Perfmatters;Gravity Forms;JavaScript optimization;redirect conflict,Parnia;Manu,3,2025-12-11T20:55:44.348Z,2025-12-11T20:56:01.841Z
65c8a282-4a4b-463b-9600-50f67cc81dc6,SM Pro Newsletter - Pre-Checkout Form Subscription Process,"Clarification on the subscription process for the SM Pro Newsletter, specifically regarding whether users are subscribed upon submitting the pre-checkout form or only after completing a purchase.",SM Pro;Newsletter;Pre-Checkout;Subscription;Purchase,Abdurrahman;Manu,2,2025-12-11T21:13:53.19Z,2025-12-11T21:14:11.345Z
6836dc92-6535-4c93-b469-93f874fb0e50,Email Template - Outlook Social Share Icons Issue,Minor issues with social share icons being cut off in the Outlook client app on Windows. Discussion on whether to push the fix post-launch.,email template;Outlook;social share icons;Windows;post-launch fix,Parnia,1,2025-12-11T21:32:18.72Z,2025-12-11T21:32:19.8Z
68629af6-c938-40a2-8cd5-720adaba3f3f,wpForo - Membership Access Bug,Investigate and resolve the access bug in wpForo affecting members with certain memberships. Includes video explanation for further context.,membership;permissions;update;new members;video explanation,Manu,4,2025-12-11T20:33:24.311Z,2025-12-11T22:00:40.51Z
6998af9f-6a06-4757-9429-fa0e8e6302f5,Team Member Availability Update,Updates regarding team members' availability or absence.,availability;away;absence;FYI,Manu,1,2025-12-11T22:13:37.464Z,2025-12-11T22:13:38.338Z
69d9b6ed-f00c-4880-a5f2-ead952ce847d,SM Pro - Job Dashboard Access for Deactivated Pro Users,Discussion on whether Pro users with deactivated subscriptions should retain access to the job dashboard and be able to post jobs.,SM Pro;job dashboard;access restriction;deactivated subscription;Pro users,Ali Karimi,1,2025-12-11T20:52:16.656Z,2025-12-11T20:52:17.707Z
6c17e68f-13a0-4b25-b429-fb0dbca47282,Courses Archive Pagination Implementation,"Implementation of pagination in the Courses archive, allowing configuration of courses per page and sort order via MemberPress settings.",pagination;courses archive;MemberPress;settings,Parnia;Manu,2,2025-12-11T20:54:33.196Z,2025-12-11T20:54:42.191Z
6cb648bb-afe5-4eec-95af-8406ed5f50a3,Transactional Email Template Testing on Staging,Testing the new transactional email template on the staging environment by enabling outgoing emails temporarily. Admins will receive emails about new test payments created on staging. The QA process is expected to take a couple of hours or up to one day.,transactional email;template testing;staging;QA process;outgoing emails,Asghar,1,2025-12-11T20:32:22.829Z,2025-12-11T20:32:24.213Z
6cc71f30-d10a-4527-aa6c-3bdcf101f68f,User Join Notifications,Track notifications of users joining the channel.,user join;channel membership;new member,Asghar,1,2025-12-11T21:22:34.532Z,2025-12-11T21:22:35.542Z
70f1b514-3851-462e-b6ff-6357888b82c4,Channel Membership Management - Guest Invitations,"Requests and updates related to managing channel membership, including inviting single channel guests and handling Slack Connect issues.",user left;channel membership;user joined,Julien Tricheux;Slackbot;Manu;Simone Verde;Thomas,7,2025-12-11T20:52:28.347Z,2025-12-11T22:09:57.346Z
72db645f-1896-44a5-bcbd-fdae3597b094,Stacked Marketer - Email Template Design and Optimization Discussion,"Discussion on the design, coding, and optimization of Stacked Marketer email templates, including color management and template flexibility.",design tweaks;Figma;Stacked Marketer;proposal,Julien Tricheux;Manu;Parnia,14,2025-12-11T21:15:14.418Z,2025-12-11T22:00:07.615Z
72e5d9e9-e584-4de3-8b83-b6fd1161e0e6,SM Pro - Logo Color Transformation Issue on Landing Pages,"Investigate and resolve the issue where the SM Pro logo on landing pages is being transformed into an SVG with incorrect colors, making it too dark for the background.",SM Pro;logo;SVG;color issue;landing pages,Manu,1,2025-12-11T20:30:45.06Z,2025-12-11T20:30:45.861Z
76b82346-910d-4767-b75c-a8294ee754c8,Channel Membership Management,"Tasks and requests related to managing channel membership, including adding or removing users.",user joined;channel membership;user left,abdurrahman;Ali;Manu;Slackbot;Thomas;Naghmeh,10,2025-12-11T20:48:28.415Z,2025-12-11T21:43:33.326Z
7743dab3-1b90-4cdd-b857-285a7d25547e,Meeting Rescheduling - 5:30pm Austria Time,Discussion about rescheduling today's meeting to 5:30pm Austria time instead of 5pm.,meeting reschedule;time change;Austria time,Parnia;Manu,4,2025-12-11T20:25:21.233Z,2025-12-11T20:35:55.589Z
77bd55f7-52c0-44c5-8d09-e870054fa853,AutoPub - New Bug Report October 2023,A new bug report for AutoPub has been submitted. Details are provided in the linked document for further investigation.,AutoPub;bug report;October 2023;investigation,Manu,2,2025-12-11T22:02:28.275Z,2025-12-11T22:12:15.867Z
77f026f9-06e0-40bf-8685-3d2bafa04002,Course Progress Segmentation Strategy in Campaign Monitor,"Discussion on segmenting users based on course enrollment and progress in Campaign Monitor, focusing on the limitations of filtering by specific progress values and the benefits of storing progress in a single field.",course progress;Campaign Monitor;custom field;manual update,Abdurrahman;Manu,8,2025-12-11T21:13:01.135Z,2025-12-11T21:25:41.914Z
786b5db2-9f8f-4033-a5b6-e44fa313afe8,Gravity Forms Compatibility with SparkLoop,"Resolved compatibility issue between SparkLoop and Gravity Forms version 2.8.9. Latest version still has issues, so using 2.8.9 for stability.",Gravity Plugin;SparkLoop;popup issue;update rollback,Parnia;Masoud Tahsiri;Manu,3,2025-12-11T20:47:54.86Z,2025-12-11T20:55:02.541Z
78a4a2f7-5e8d-40d3-9467-be279917d52a,Stripe Elements and Checkout Flow Enhancements,"Discussion on implementing Stripe Elements and Checkout flow enhancements, including address autofill and business checkbox visibility for all customers. Focus on improving user experience and maintaining current payment structure.",Stripe;Checkout;MemberPress;WordPress;Multi-Site;Integration;Security,Abdurrahman;Manu,6,2025-12-11T22:08:51.086Z,2025-12-11T22:11:11.361Z
78f225a1-8194-4ece-bad1-53cd6a78f34c,Litmus Account Activation for Increased Previews,"Activation of the Litmus account to allow more email previews for the month, facilitating better QA and testing processes.",Litmus;account activation;email previews;QA,Manu;Naghmeh,2,2025-12-11T21:26:40.167Z,2025-12-11T21:26:46.934Z
791b2d0f-9da9-435e-b98c-cc3aea9c0182,Production Deployment - Subscription Renewal and Updates,"Tasks related to the deployment of new features and updates to production, including Expired Subscription Renewal flow, Discounts Page, Homepage Discount section, and Sync Subscription Status to CM.",production deployment;discounts;subscription;UX;navigation,Parnia;Abdurrahman;Manu,4,2025-12-11T20:06:46.759Z,2025-12-11T21:10:18.09Z
79fff82b-c5dc-4ec3-8753-41852d05af0c,CRM Data Integration Process,"Discussion on pushing information into the CRM system, possibly involving integration processes or data handling strategies.",CRM;data integration;process;information push,Manu,1,2025-12-11T21:33:45.845Z,2025-12-11T21:33:47.105Z
7b795da0-4849-40be-9a17-d744acb6a36b,SM Pro - Library Section Development for Homepage,"Development of a new Library section on the SM Pro Homepage, including a widget to present resources bookmarked by users. This involves creating a script and endpoint for bookmarking, a user meta for storing bookmarks, and a widget for display.",SM Pro;Library section;Homepage;widget;bookmarking,Abdurrahman,1,2025-12-11T21:03:42.394Z,2025-12-11T21:03:43.518Z
7bf2167f-0c7e-4b30-ba85-e0f6e005f240,Event Update Coordination,Coordination and updates related to event scheduling and management.,event;update;coordination;scheduling,Parnia;Naghmeh,2,2025-12-11T20:36:15.686Z,2025-12-11T21:27:18.173Z
7e991451-13a8-4a07-b106-c02113873d4a,Upcoming Content Widget Display Issue,"Investigate and resolve the issue with the Upcoming Content widget not displaying all scheduled Pro content, including Pro Reports and courses. Ensure that free content does not appear in the widget as intended.",upcoming content;free content;Cloudflare restriction;video upload;course launch,Manu,3,2025-12-11T19:58:56.053Z,2025-12-11T21:39:31.669Z
807d08a3-ca64-4e3d-af11-b48edaca201b,Gutenberg Refactoring and Rebranding - Task and Hour Management,"Discussion on managing tasks and hours in the context of Gutenberg refactoring and rebranding efforts, including transferring remaining hours and evaluating task dependencies.",Gutenberg;refactoring;redesign;articles;category lists;parallel tasks,Manu;Parnia,6,2025-12-11T21:53:34.525Z,2025-12-11T21:55:46.297Z
81d4ab7f-6a86-4977-ad3e-953432176706,Refact.co Subscription Debugging,Debugging issues related to test signups and subscriptions on refact.co platform.,debugging;refact.co;subscriptions;test signups,Manu;Naghmeh;Parnia;Saeedreza;Navid;Masoud Tahsiri;Alireza;Hossein;Arin,13,2025-12-11T19:58:24.719Z,2025-12-11T21:42:26.239Z
83a2d9b3-2760-49c1-872c-bc8e3a1dc47b,Thank You Page - Survey Version Implementation for Newsletters,"Implement the survey version of the Thank You page for all three newsletters, ensuring the URL remains /thank-you as previously discussed. Scheduled for Sunday launch.",thank you page;survey data;Google Sheets;integration;offer tracking,Manu,2,2025-12-11T20:53:57.836Z,2025-12-11T21:37:57.761Z
8429f1cc-202e-4c45-8d98-4a5c11704d4b,SM Pro - Gallery Viewer for Images and Videos,"Discussion about the gallery viewer (interstitial) for images and videos on SM Pro and Single with ToC, including issues with video distortion and clarification on 'Single with ToC'.",SM Pro;gallery viewer;images;videos;interstitial;distortion;Single with ToC,Abdurrahman,1,2025-12-11T20:24:17.395Z,2025-12-11T20:24:19.056Z
85ba0947-f965-4402-9c41-899c594e8472,November Hours and Task Summary,"Summary of hours tracked and tasks completed in November, including design, development, and AutoPub updates.",November hours;task summary;design;development;AutoPub,Parnia,1,2025-12-11T22:14:45.507Z,2025-12-11T22:14:46.434Z
85bad532-63be-4342-aa9a-761279f660ca,SM Content Space - WordPress Category Management and Implementation,"Discussion and implementation strategies for managing WordPress categories, including restructuring and switching parent categories without deletion.",categories;production website;update;implementation,Manu;Ali Karimi;Abdurrahman,6,2025-12-11T20:29:24.449Z,2025-12-11T21:20:27.545Z
861c4a68-c1c9-4a91-a13c-66432c63ba85,Website Uptime Monitoring and Downtime Reports,Setting up and monitoring website uptime due to reports of frequent downtimes. Evaluating existing solutions and planning to provide feedback on website stability.,website uptime;downtime reports;monitoring solution;stability feedback,Manu,3,2025-12-11T20:07:04.115Z,2025-12-11T20:40:35.814Z
865b2de5-ace0-462d-b447-22ba2e6e81e0,SM Pro - Landing Page Video Content Strategy,"Discussion on strategies for designing landing pages and incorporating video content for SM Pro, including decisions on dynamic flows and initial implementation strategies.",SM Pro;landing page;design adaptation;content promotion;dedicated pages,Manu;Parnia,7,2025-12-11T21:08:18.957Z,2025-12-11T21:39:48.529Z
865ca2ce-8c0c-459d-83b6-b300c2fd57dc,Email Address Update for Adefy and GTM,Transitioning email access from growth@refact.co to dev@refact.co for Adefy and Google Tag Manager. Ensure dev@refact.co has the same access level as the previous account.,email update;Adefy;Google Tag Manager;growth@refact.co;dev@refact.co,Parnia;Manu,3,2025-12-11T20:57:38.997Z,2025-12-11T20:58:27.159Z
89e9835a-616a-42ed-9e71-e07848cd8505,SM Newsletter - Social Media Share Buttons Bug Fixing,"Discussion and resolution of issues related to social media share buttons on SM newsletters, including bug fixing and sharing relevant documentation and resources.",SM newsletter;share buttons;missing;social media,Parnia;Manu,5,2025-12-11T20:37:27.125Z,2025-12-11T20:38:57.358Z
8c066516-b0a7-468b-b74d-f7cf7e033609,Stacked Marketer Pro - Holiday Discounts and Offers,"Discussion about potential holiday discounts or special offers for Stacked Marketer Pro, including planning and coordination for upcoming promotions.",Stacked Marketer Pro;holiday discounts;special offers;promotions,Parnia,1,2025-12-11T22:04:36.934Z,2025-12-11T22:04:37.976Z
8c9c4640-0bb2-4990-9785-1921cd13661b,Invoice Address Update - December,"Update the billing address for the December invoice to the new address: Kurbadstraße 8/1604, A-1100 Wien.",invoice;address update;billing;December,Manu,2,2025-12-11T22:10:10.323Z,2025-12-11T22:10:18.529Z
8df0ca5d-8b36-4282-b004-24a4887ce7eb,SM Pro - Signup Error for Existing Users Without Active Subscription,Investigate the issue where existing users without an active subscription encounter errors when trying to sign up for a return offer in SM Pro. Determine if autofill or other form input methods are causing the problem and check logs for further insights.,SM Pro;signup error;existing user;no subscription;return offer,Manu,1,2025-12-11T20:01:12.512Z,2025-12-11T20:01:13.483Z
8eb95315-813b-40d7-a7d7-387457bb0424,Newsletter Content - Brain Teasers Feedback,"Feedback and discussions related to the brain teasers included in the newsletter content, focusing on reader engagement and enjoyment.",newsletter;brain teasers;feedback;reader engagement,Naghmeh,1,2025-12-11T21:19:29.861Z,2025-12-11T21:19:30.677Z
912b9b05-f705-455f-a89a-0054ee5d8307,MemberPress - Trial Period Extension and Hidden Transaction Handling,"Discussion on extending trial periods in MemberPress, including handling hidden transactions for free trials by modifying URL parameters to reveal and edit these transactions.",trial period;SM Pro;14-days trial;7-days trial;subscription,Manu;Parnia,3,2025-12-11T21:21:08.633Z,2025-12-11T22:08:29.018Z
917feafd-cde3-4ea2-9a4c-6cf63b3f8e43,ACF Update - Potential Issues Highlighted by Automattic,Discussion and potential issues related to an upcoming ACF (Advanced Custom Fields) update as highlighted by Automattic. This includes any risks or concerns that need to be addressed before implementation.,ACF;Advanced Custom Fields;update;Automattic;issues,Manu,2,2025-12-11T20:40:13.023Z,2025-12-11T20:40:24.445Z
91fd9863-a8a0-4c1c-b0d3-692fb5bd122e,Stacked Marketer - Social Media Links Request,Request for sharing Stacked Marketer's social media links in the channel for reference or further action.,Stacked Marketer;social media;links;request,Parnia;Manu,4,2025-12-11T21:05:31.172Z,2025-12-11T21:05:52.011Z
9315d4ba-90dd-40ac-a81b-f501bd54c3a6,Document Sharing - Abdurrahman's Suggestions,Sharing a document with Abdurrahman's suggestions for review and access.,document;suggestions;Abdurrahman;sharing,Parnia,1,2025-12-11T20:36:35.913Z,2025-12-11T20:36:37.253Z
9708778d-c2dd-4472-a94b-88ac21b8eeaa,Newsletter Scheduling and Update Monitoring,Managing the scheduling of newsletters and monitoring updates once they are live.,newsletter;scheduling;updates;monitoring,Manu;Abdurrahman;Parnia,5,2025-12-11T20:27:07.461Z,2025-12-11T21:30:48.88Z
981006ac-c00e-4d46-8cb1-1e0fd933e324,MonsterInsights Pro Installation for MemberPress Reporting,"Installation and testing of MonsterInsights Pro on the production website to evaluate its reporting capabilities for MemberPress, ensuring it integrates with Google Analytics without affecting frontend or backend operations.",MonsterInsights Pro;MemberPress;Google Analytics;production installation;reporting,Manu,1,2025-12-11T20:26:01.176Z,2025-12-11T20:26:02.115Z
997af21c-33b2-4cab-acf9-2fc16699d39d,Seasonal Greetings,Messages related to holiday and seasonal greetings.,new year;holiday;greetings;celebration,Manu,1,2025-12-11T21:06:18.464Z,2025-12-11T21:06:19.828Z
998a15d5-9d9f-4040-bef5-a08b98758910,UTM Content Parameter Standardization,Discussion on standardizing the use of utm_content parameters to improve tracking and personalization in user sign-up flows.,utm_content;standardization;tracking;personalization;sign-up flows,Manu;Abdurrahman,4,2025-12-11T21:09:09.457Z,2025-12-11T21:09:33.805Z
9c3b23df-e529-4b28-ae70-bdd733fb7ea1,Branding Guidelines for Charts and Graphs and Document Correction,"Develop guidelines for using brand colors in charts and graphs for 2024 content, ensuring consistency with new brand colors and enhancing visual appeal. Also includes correcting documents with incorrect color codes.",branding;guidelines;charts;graphs;brand colors,Manu;Julien Tricheux,8,2025-12-11T21:05:18.467Z,2025-12-11T21:55:14.699Z
9d092418-3ff4-44ef-b21d-f5a13b8884b9,Trends Guide or Playbook Creation Inquiry,"Inquiry about the creation of a guide or playbook reader for Trends, which was possibly created a few years ago but not used.",Trends;guide;playbook;creation;inquiry,Manu,1,2025-12-11T21:49:24.935Z,2025-12-11T21:49:28.042Z
9db1a92c-4e49-42cb-8ab0-faae6ede9018,Job Board Pages Design Review,"Review and provide feedback on the design of job board pages including job board page, job single page, application form, job listing management panel, applications management panel, and add new job form.",job board;design review;Figma;feedback,Parnia;abdurrahman;Manu,4,2025-12-11T20:49:30.133Z,2025-12-11T20:51:54.274Z
9e0b5325-93f8-4b06-aa70-2832b2d2a5b5,The Crew's Insights - Duplicate Images as Links Issue,"Investigation into the issue of duplicate images within 'The Crew's Insights' category, where images are also serving as links. This includes reviewing specific instances and deciding on the removal of these links.",The Crew's Insights;duplicate images;links;content review,Parnia,1,2025-12-11T21:37:09.356Z,2025-12-11T21:37:10.717Z
a01895a4-833b-4e43-8649-cdbdde11a928,Branding Plan and Visual Identity Alignment,"Discussion and planning for aligning the branding plan across four identities, including deliverables such as updated logos and a new visual identity. Estimated time allocation and sprint planning included.",branding plan;visual identity;logo update;sprint planning;deliverables,Julien Tricheux;Manu,3,2025-12-11T21:57:34.847Z,2025-12-11T21:58:24.259Z
a2c63a1d-ccc1-4a80-8fa0-eacbe5819084,SM Custom Blocks - Video Overview,"Introduction and overview of the new SM custom blocks including SM Video, SM Gallery, SM Key Points, and SM Unfold Content, as demonstrated in the provided video.",SM custom blocks;SM Video;SM Gallery;SM Key Points;SM Unfold Content,Parnia,1,2025-12-11T20:25:45.108Z,2025-12-11T20:25:45.864Z
a34f0df2-ffa7-4a00-a906-78692e8769ca,Q3 Tasks - SM Pro Exit-Intent Pop-Ups Implementation,"Implementation and review of the SM Pro Exit-Intent Pop-Ups feature as part of Q3 tasks, including staging updates and approval process.",Q3 tasks;SM Pro;exit-intent pop-ups;Poolside Chat;logo update;branding,Manu;Parnia,2,2025-12-11T20:58:50.257Z,2025-12-11T20:59:15.222Z
a5f28bd6-554d-4477-b227-af40add81885,SM Curated Deals Block - Scrollable Arrows Addition,"Discussion on adding arrows to the 'Learn marketing from practitioners' section to indicate scrollability, specifically for the SM Curated Deals block.",SM Curated Deals;scrollable;arrows;Learn marketing from practitioners,Manu,1,2025-12-11T20:53:15.692Z,2025-12-11T20:53:16.971Z
a68abd03-298d-466c-9e3f-4485ff3633b0,SM Pro - Reports Section in Learning Hub,"Discussion on creating a separate section for SM Pro Reports in the Learning Hub, including decisions on content placement and visibility adjustments.",SM Pro;Pro Reports;section addition;predefined section,Manu;Abdurrahman,3,2025-12-11T20:03:02.502Z,2025-12-11T21:32:54.815Z
a69528f0-6cd2-4d45-8af1-bf8045ccde50,AutoPub Newsletter Template Width Issue in Apple Mail,"Investigate and resolve the issue where the blue boxes in the AutoPub newsletter template are a different width than the white ones, causing display issues in Apple Mail on both mobile and desktop. This does not occur when viewed in a browser. A width reset may be needed.",AutoPub;newsletter;template;width;Apple Mail;display issue,Manu,2,2025-12-11T20:01:32.671Z,2025-12-11T20:01:55.322Z
a6a26e8e-11b6-4be3-9d13-b751e2d958de,Slack User Reactivation Request,Requests to reactivate Slack access for users removed due to inactivity.,Slack;user reactivation;access removal;inactivity,Manu,1,2025-12-11T19:56:53.085Z,2025-12-11T19:56:54.488Z
aa920f50-d51c-4288-864c-3ffa51c3fb11,SM Pro - MemberPress Change Plan Options,"Discussion on configuring and offering change plan options directly via MemberPress for users in the SM Pro subscription section, including adjustments and visibility of available plans.",SM Pro;Change Plan;Subscriptions;User Types;Dropdown Options,Abdurrahman;Manu,3,2025-12-11T21:20:40.378Z,2025-12-11T21:21:19.452Z
af000651-7ccf-4356-9992-1fbb5cbab17e,Rate Limiting Rules Change and Spam Incident,"Investigation into the change of rate limiting rules from 'Active (block)' to 'Active (log)', resulting in a spam incident. Discussion includes potential causes, impacts, and corrective measures.",anti-spam;Cloudflare;Turnstile;Rate-Limiting;email blocklist;Managed Challenge,Parnia;Asghar;Manu,5,2025-12-11T19:54:49.869Z,2025-12-11T21:00:57.615Z
b0da608b-fce7-411f-97bf-dfa05ea594ef,General Availability Update,General status update indicating user availability without specific task or issue.,availability;status update;general,Manu,1,2025-12-11T21:38:57.732Z,2025-12-11T21:39:02.587Z
b1072f81-7c5c-4c1a-84ca-b28fc9686dab,Address Autofill for Checkout - Google Maps API Integration,Requirements and setup for integrating Google Maps API with Places API for address autofill functionality in the checkout process.,Google Maps API;Places API;address autofill;checkout;integration,Abdurrahman;Manu,2,2025-12-11T20:25:32.191Z,2025-12-11T22:11:18.517Z
b1842cc9-5744-43bc-8c9e-6d5d44e0080c,Server File Upload Error - Video Course Launch,Investigate the issue with video uploads for course launches where files under the size limit are still being rejected. Check server settings and storage space for potential misconfigurations.,video upload;server error;file size limit;course launch;storage space,Manu,1,2025-12-11T21:38:11.862Z,2025-12-11T21:38:12.667Z
b227fef9-68bb-418f-943d-3dbe1b331007,Out-of-Office Notification - Parnia,"Parnia will be out of the office until September 21st and will return on September 22nd. For assistance during this period, contact the designated team member.",out-of-office;availability;team coordination,Parnia,2,2025-12-11T20:59:37.505Z,2025-12-11T21:37:18.214Z
b4edd0b4-62d7-4ebe-b763-d48bde2c7e40,Notification Forwarding Check,Discussion or confirmation regarding the forwarding of a notification to ensure it is as expected.,notification;forwarding;check;confirmation,Manu,1,2025-12-11T21:22:25.139Z,2025-12-11T21:22:26.049Z
b890fe28-a874-43e0-b32d-034fb8fec1cc,SM Pro - Team Account Sub-Account Management Link Redirect Issue,Investigate and resolve the issue where the link for sub-account management in SM Pro team accounts redirects to job listings instead of the intended management page.,SM Pro;team account;sub-account management;link redirect;job listings,Manu,1,2025-12-11T20:53:40.04Z,2025-12-11T20:53:41.152Z
b906fd95-9bd9-4ed9-8f58-7cee032e520e,Typo Correction - Forum to Fourm,Fixing a typo in the text where 'Forum' is incorrectly spelled as 'Fourm'.,typo;correction;Forum;Fourm,Manu,1,2025-12-11T20:52:48.401Z,2025-12-11T20:52:50.157Z
ba4a83d3-5c29-4e5e-81a0-9ba6c8ffeade,Q4 Roadmap - SM Pro Affiliate Program Implementation,Discussion and planning for the implementation of the SM Pro Affiliate Program using Easy Affiliate and MemberPress. Includes tasks such as removing unused plugins and designing pages for the program.,Q4 roadmap;SM Pro;Affiliate Program;Easy Affiliate;MemberPress,Manu,1,2025-12-11T21:00:29.674Z,2025-12-11T21:00:30.768Z
baa63fc4-07d3-4bd2-9855-36886a90ffd8,Stacked Marketer - Brand Assets and Logo Variants,"Discussion and coordination on obtaining and utilizing brand assets and logo variants for Stacked Marketer, including formats like .ai, .psd, and PNG for various uses.",Stacked Marketer;brand assets;logo variants;branding;design,Manu;Parnia;Julien Tricheux,11,2025-12-11T21:01:53.976Z,2025-12-11T22:15:24.336Z
baef404e-190e-46d0-b61e-55846affe2d5,SM Pro - Subscription Persona Differentiation Feature,"Implementation of differentiated content access based on subscription status: paying customers, expired customers, and non-users. Includes development time estimate and expected behavior confirmation.",subscription;persona;differentiation;paywall;content access,Abdurrahman,2,2025-12-11T21:16:13.063Z,2025-12-11T21:21:38.737Z
bd334814-0b41-43fd-ae68-bc2b7a27bcc9,October Retainer Usage and Task Summary,"Summary of hours used from the October retainer, tasks completed, and hours pushed to upcoming months. Includes details on various tasks such as AutoPub updates, design projects, and critical bug fixes.",October retainer;task summary;AutoPub;design projects;bug fixes,Parnia,1,2025-12-11T22:03:09.739Z,2025-12-11T22:03:10.658Z
bd8a8345-51ee-4f56-a38b-37555525cb11,Paywall Strategy for Single Course Pages,"Discussion on the approach and design for implementing a paywall on single course pages, similar to the Pro Report style.",paywall;single course;Pro Report;design;strategy,Abdurrahman,1,2025-12-11T21:32:44.748Z,2025-12-11T21:32:46.088Z
be9da508-ff12-4ed6-8474-9af0a1e85a88,Slack Message Retention Policy Notification,Notification about the deletion of older messages and files due to organizational retention policies in Slack.,Slack;message retention;deletion;retention policy,Slackbot,1,2025-12-11T21:54:45.496Z,2025-12-11T21:54:46.597Z
bebe3cdb-1e19-4ff7-8f4b-f0e763af303d,Task and Feature Prioritization and Management,"Discussion on the prioritization and management of tasks and features, including the addition of new tasks and their prioritization relative to existing tasks, while considering the monthly hour limits.",June tasks;backlog;prioritization;task management,Manu;Parnia;Masoud Tahsiri,15,2025-12-11T20:28:10.659Z,2025-12-11T22:14:15.826Z
bf356b22-21ad-4f80-97cb-896520b25660,H2 Problem Resolution and Template Update,Resolution of the H2 problem which also addressed the outdated template issue. The development team is updating the template to the latest version.,H2 problem;template update;development team;resolution,Masoud Tahsiri;Manu,8,2025-12-11T22:01:02.932Z,2025-12-11T22:13:48.102Z
c0f3674c-663b-4ca7-8fe3-ecc29ce18a77,SM Pro - Learning Hub Navigation Forum Link Removal,Discussion on removing the forum link from the Learning Hub navigation in SM Pro and whether it is hard-coded or editable.,SM Pro;Learning Hub;forum link;navigation;hard-coded,Manu,1,2025-12-11T19:55:06.137Z,2025-12-11T19:55:09.336Z
c4ecc3c1-8d01-48ba-bae6-ed039c57d82d,E-commerce Pro Report Collaboration with Baymard Institute,Discussion on incorporating Baymard Institute's e-commerce UX research into the Stacked Marketer Pro Report on e-commerce acquisition funnels.,e-commerce;Pro Report;Baymard Institute;UX;collaboration,Abdurrahman,1,2025-12-11T22:11:40.909Z,2025-12-11T22:11:41.769Z
c56cca4c-ace0-4e8c-af70-651719451ca2,Data Stories - Multi-Network Loading Delay Issue,Investigating loading delays for Data Stories across various devices and wifi networks.,Data Stories;loading delay;performance issue;Pro Reports,Manu;Thomas,3,2025-12-11T20:42:21.271Z,2025-12-11T20:42:37.094Z
c7079dc1-6d6c-447a-ad93-e58d9284f973,Team Availability - Manu's Absence Notification,"Notification about Manu's absence from Wednesday until Monday, 29th July, and instructions for emergencies.",availability;absence;emergency contact,Manu,1,2025-12-11T20:33:58.047Z,2025-12-11T20:33:59.332Z
c739b32e-db7e-4228-a1b6-f867fb917c42,MemberPress - General Inquiry or Response,"General inquiries or responses related to MemberPress, including follow-ups, clarifications, or updates that do not fit into existing specific issues.",MemberPress;inquiry;response;follow-up;clarification,Manu,1,2025-12-11T21:56:46.775Z,2025-12-11T21:56:47.522Z
c7a31df0-e3ec-46b9-84f2-5fd0404e3097,Nelio AB Testing Installation on Production Server,"Backup and installation process for Nelio AB Testing on the production server, ensuring readiness and stability.",Nelio AB Testing;installation;production server;backup,Asghar,1,2025-12-11T20:05:18.935Z,2025-12-11T20:05:19.769Z
c8de3694-4f80-4858-aa37-f2cd6a9936fa,AutoPub - Document Link Request for Automation Tab Issue,"Request for document link where the AutoPub Automation Tab Visibility Issue occurred, to aid in investigation.",AutoPub;font size;script;update;text rendering,Manu;Parnia,9,2025-12-11T20:26:17.434Z,2025-12-11T21:58:43.043Z
ca1a683e-858c-480f-afd5-e1e4b8049a93,Tactics and PoM Landing Page Design Alignment,"Discussion on aligning the design of Tactics and PoM landing pages with the SM landing page, ensuring consistent branding and user experience across subbrands, similar to Morning Brew's approach.",Tactics;PoM;landing page;design;branding;alignment;Morning Brew,Julien Tricheux,1,2025-12-11T21:58:15.811Z,2025-12-11T21:58:16.949Z
cae9f3f7-71ff-4b01-88f7-64ae962b7274,Channel Membership Updates,Notifications about users joining or leaving the channel.,join;leave;channel;membership;user,Julien Tricheux,1,2025-12-11T21:45:34.124Z,2025-12-11T21:45:35.112Z
cb1a5104-a929-4bb7-9b74-9cebf8f17d5a,SM Pro - Social and Email Share Button URL Issue,Adjust the URL generated by social and email share buttons to reflect the current page instead of the general website for both Pro and Free versions.,SM Pro;share buttons;URL issue;social media;email,Manu,1,2025-12-11T20:05:42.771Z,2025-12-11T20:05:43.924Z
cb42b009-ccf5-4e33-a191-4ee9092a7fff,AutoPub - Updates and Debugging Post-Rollout,"Discussion and updates regarding AutoPub post-rollout activities, including debugging and ensuring clarity for future use and reference.",AutoPub;update;templates;featured image;default thumbnail,Parnia;Manu,6,2025-12-11T21:32:28.837Z,2025-12-11T22:10:34.507Z
cee17fe1-460f-4835-9c84-e893ae707555,Meeting Scheduling - Date Change Request for Next Quarter Planning,Discussion about canceling a meeting due to no topics needing discussion.,meeting;scheduling;cancellation;sync offline,Parnia;Manu,6,2025-12-11T20:30:04.245Z,2025-12-11T20:42:58.479Z
cf3c67ba-41f3-4d84-a15a-f08e165efef4,SM Pro - Onboarding Flow Design and Feedback,"Discussion and feedback on the wireframe design for SM Pro onboarding flow, focusing on user experience enhancements through pop-up screens and selection options.",SM Pro;user guide;update;feedback;approval,Parnia;Abdurrahman;Manu,6,2025-12-11T20:45:34.207Z,2025-12-11T22:09:35.601Z
cfeab05f-e65e-4eb7-a5cf-ac8aa0d5f528,AutoPub - Unannounced Production Updates Causing Accessibility Issues,"Investigate the issue where unannounced updates to AutoPub in production are causing accessibility problems, preventing users from utilizing the service. This requires immediate attention to identify the updates and resolve the accessibility issues.",AutoPub;production;unannounced updates;accessibility issues;service disruption,Manu;Parnia,3,2025-12-11T21:30:07.483Z,2025-12-11T21:30:41.117Z
d0c7eeb0-6bfb-48c0-b855-6da70de9efb5,Forum Editor - Toolbar Icon Customization,"Discussion on customizing the toolbar icons in the Forum's 'Leave a Reply' editor, including decisions to retain certain icons due to their functionality and potential user needs.",SM Pro;toolbar;customization;plugin,Manu;Abdurrahman,3,2025-12-11T20:05:59.3Z,2025-12-11T21:12:04.592Z
d1173aa1-f75f-49bf-92e8-8263134f5b6a,Task Completion and Bot Attack Custom Solution Update,Discussion on the progress of tasks including the bot attack custom solution for signup validations and the updated version of automation. Also covers the need for additional hours beyond the retainer limit.,task completion;retainer hours;bot attack;template redesign;google doc automation,Parnia;Manu,4,2025-12-11T21:52:08.678Z,2025-12-11T21:52:35.023Z
d19b69e5-9ac5-47ef-bd54-0fbc68395c67,Email Preference Center - Generic Error on Email Update,Investigate the generic error encountered when updating an email in the Email Preference Center. The issue affects subscribers trying to change their email addresses and results in a generic error message. Manual updates are currently required as a workaround.,Email Preference Center;generic error;email update;manual update,Manu,1,2025-12-11T20:33:01.934Z,2025-12-11T20:33:03.498Z
d2925831-3216-48e2-8ce1-59fb47ca790a,FB Conversions API Integration with WordPress,"Discussion on integrating the Facebook Conversions API using a WordPress plugin, ensuring compatibility and planning for future plugin updates.",Facebook Conversions API;WordPress;plugin integration;compatibility;update planning,Manu,1,2025-12-11T20:48:14.876Z,2025-12-11T20:48:16.305Z
d2e76123-759b-4078-a625-b385da009bfb,MemberPress Refund Process Clarification,Clarification needed on whether a specific user status should remain active and the process for issuing refunds via the MemberPress dashboard.,MemberPress;refund;user status;dashboard,Manu,1,2025-12-11T20:02:18.318Z,2025-12-11T20:02:19.738Z
d63ae453-5a44-43f8-8ab3-cda19e1ef1f7,SM Pro - Image Display Issue in Learning Hub,"Investigate and resolve the recurring image display issue in the SM Pro Learning Hub, similar to the problem experienced on the free website.",SM Pro;Learning Hub;image issue;display problem;free website,Manu,1,2025-12-11T20:03:23.627Z,2025-12-11T20:03:24.677Z
d8a7e9d5-f0ee-4f37-b7a3-bfae57f5ee54,SM Pro - Reset Password Bug for Users Without Active Subscription,Investigate and resolve the issue where users without an active subscription cannot access the reset password form after requesting a reset email in SM Pro.,SM Pro;reset password;bug;subscription;access restriction,Manu,1,2025-12-11T19:59:19.897Z,2025-12-11T19:59:20.877Z
d927500a-b4eb-42b4-91b7-441f35550e78,SM Pro - New Member Banner Setup,"Discussion on whether the banner for new SM Pro members, indicating 'you signed up for this content', works automatically or requires manual setup.",SM Pro;new members;banner;automatic setup,Manu,1,2025-12-11T20:03:57.139Z,2025-12-11T20:03:58.219Z
d9f1d57c-75f5-47f4-9ff3-36dd1f18a57c,Open Graph Image Selection for Category Pages,Discussion on the option to choose an open graph image for category pages and potential plugin solutions for implementation.,open graph;image selection;category page;plugin;staging;production,Manu,1,2025-12-11T20:08:08.539Z,2025-12-11T20:08:10.733Z
dd37cfe7-64ad-47b2-8901-066d3407a094,"Sprint Planning - Article and Newsletter Refactor, SM Pro Onboarding and Design","Draft plan for the upcoming sprint focusing on refactoring article and newsletter pages, and designing SM Pro onboarding and homepage.",sprint planning;article refactor;newsletter refactor;SM Pro onboarding;design,Parnia,3,2025-12-11T22:06:32.526Z,2025-12-11T22:11:27.989Z
de483ca3-a627-47a6-a67e-ea1e27a4022e,Email Templates - Styling Adjustments for Links,"Addressing the lack of styling for links in the intro section of email templates, applicable to both regular and AutoPub templates.",template;structure;flexibility;images;headings;feedback,Manu;Masoud Tahsiri,6,2025-12-11T21:06:05.736Z,2025-12-11T21:35:59.06Z
de6ac73f-8da9-4180-8da4-369e4eef3844,URGENT Business Critical Issue - Google Drive Link,"An urgent and business-critical issue has been reported, involving a Google Drive link that requires immediate attention. The specifics of the issue are not detailed in the message, but it is marked as high priority and involves key team members.",urgent;business critical;Google Drive;immediate attention,Manu,1,2025-12-11T21:34:31.108Z,2025-12-11T21:34:32.159Z
e1d4af58-b9df-4702-a02a-150b0107d7f5,Meeting Agenda and Coordination,"Messages related to setting agendas and coordinating team meetings, including topic discussions and participant confirmations.",call scheduling;meeting coordination;agenda;team call,Manu;Parnia,8,2025-12-11T20:40:47.748Z,2025-12-11T21:34:41.874Z
e4245517-03b2-42e7-b855-89b8e136c9b5,Q1 2026 Planning and Status Update Meeting,"Discussion about the agenda and planning for Q1 2026, including status updates and potential tasks or ideas.",Q1 2026;planning;status update;meeting agenda;async catchup,Manu,1,2025-12-11T19:56:28.752Z,2025-12-11T19:56:29.709Z
e430576e-5bf8-457f-8d26-8a47cd62273f,Nelio Plugin - WordPress 6.7 Compatibility Issue,"Investigate the compatibility issues with the Nelio plugin after updating to WordPress 6.7. The plugin hasn't been updated for several months, and there are errors affecting its functionality.",Nelio;plugin;WordPress 6.7;compatibility;error,Manu,1,2025-12-11T20:46:58.955Z,2025-12-11T20:47:00.206Z
e5ce43c1-0121-47db-af50-ae368ff0fe63,Campaign Monitor - Image Naming Conflict Resolution,Addressing the issue of incorrect images being displayed on Campaign Monitor due to naming conflicts with WordPress images. Implementing a solution to generate unique names for images to prevent conflicts.,Campaign Monitor;image conflict;WordPress;naming conflict;image resolution,Masoud Tahsiri;Manu,2,2025-12-11T22:02:46.809Z,2025-12-11T22:02:55.147Z
e656207a-17a8-4da5-8486-56456dd579eb,Cloudflare WAF Rule Updates and Bypass Implementations,"Discussion and implementation of new Cloudflare WAF rules, including bypasses for specific services like Zapier, and investigation into potential security implications.",Cloudflare;service disruption;outage;website accessibility,Manu;Masoud Golchin;Alireza;Parnia,6,2025-12-11T19:55:22.428Z,2025-12-11T21:35:06.568Z
ec2082dd-4234-435f-b8af-0a808ceb4ec1,SM Pro - Screen Recordings for Rollout Preparation,"Preparation of screen recordings for the SM Pro platform rollout, including promo videos and walkthroughs. Ensuring the staging environment closely resembles production for accurate representation.",SM Pro;screen recordings;promo videos;walkthroughs;staging;production,Manu,1,2025-12-11T21:28:55.745Z,2025-12-11T21:28:57.027Z
ef4868dc-e516-402c-b3b3-2ba822443a4a,Channel Membership Change,Notifications related to users joining or leaving the channel.,user joined;channel membership;user left,Masoud Golchin,1,2025-12-11T19:59:04.274Z,2025-12-11T19:59:05.278Z
efd3aea0-878f-48a5-8124-9fdbd4bb44ff,MemberPress Course Add-on - UI and Navigation Bug,"Investigate the issue with the MemberPress Course add-on where the UI has changed, making it difficult to edit course structures directly from the course page. Additionally, the left-side navigation is non-functional and throws errors.",MemberPress;Course add-on;UI bug;navigation error;plugin update,Manu,1,2025-12-11T20:44:25.697Z,2025-12-11T20:44:26.692Z
f01839d5-916d-4d55-a5bd-580763a13d9d,Sprint Recap - Activities and Time Breakdown [Sep 4th - 17th],"Summary of activities and time allocation for the sprint from Sep 4th to 17th, including tasks like Branding retouch, AutoPub Updates, and Plugin Update.",sprint recap;time breakdown;AutoPub Updates;Branding retouch;Plugin Update,Parnia,1,2025-12-11T21:56:59.687Z,2025-12-11T21:57:00.749Z
f08d3e63-0c78-4d31-b25e-cdebb6bd09e2,SM Pro - Caching Update Delay and Subscription Access Issues,"Ongoing caching issue affecting SM Pro users, causing delays in content updates and access issues for subscribers. Clearing cache on Cloudflare and Breeze provides temporary relief but does not fully resolve the problem. Requires further investigation to improve user experience.",SM Pro;cached content;new subscribers;Cloudflare APO;staging-beta,Asghar;Manu;Parnia,7,2025-12-11T20:04:10.001Z,2025-12-11T21:18:04.132Z
f0f5db48-3ab9-4c7c-8819-53e3c4adc78e,Honeypot Implementation for Signup Forms,Implementation of honeypot as a replacement for reCAPTCHA on signup forms. Ready for review and feedback.,honeypot;reCAPTCHA;signup forms;implementation,Parnia,1,2025-12-11T20:47:27.876Z,2025-12-11T20:47:29.012Z
f1468d41-0e7e-41db-ac61-4bd0aa6351df,Mobile Email Template - Branding and QA Finalization,Finalizing the mobile email template to align with new branding changes and conducting QA using Litmus for Stacked Marketer emails.,mobile;template;text squishing;media query;small text,Manu;Parnia,6,2025-12-11T21:10:47.417Z,2025-12-11T21:24:56.717Z
f29df171-b27b-4871-b58e-097fd776f419,Page Editing and Building Instructions,"Discussion and Q&A about editing and building pages, including instructions and guidance for team members.",page editing;page building;instructions;guidance;Q&A,Parnia,1,2025-12-11T21:35:17.375Z,2025-12-11T21:35:26.338Z
f56fc4b7-00e6-4aeb-83f3-66ccf91048fa,Text Link Underline Shift Issue,"Investigate and resolve the issue where the underline for linked text is shifted or missing the first character, affecting text alignment and visibility.",text link;underline;shifted;missing character;alignment issue,Manu,1,2025-12-11T22:14:00.665Z,2025-12-11T22:14:01.702Z
f5b70281-1fc3-4fa3-8155-85f88265ed5e,Gmail Email Clipping Issue - Size Limit Exceeded,"Investigate and resolve the issue where emails sent via Gmail are clipped when exceeding 102 kB. Users can view the entire message by clicking 'View entire message.' The issue is resolved by optimizing email content to reduce size, but may reoccur if the limit is exceeded. This issue is specific to Gmail, as Yahoo and Hotmail do not exhibit the same behavior.",Tactics;newsletter;clipping;issue;email template,Manu;Parnia,4,2025-12-11T21:58:51.82Z,2025-12-11T22:02:13.73Z
f6e8cfa1-9667-4e66-9cba-73f8f4f797ea,SM Pro - Article Category Assignment,Task to ensure all content in the Pro category without Full Reports is assigned the Article category.,SM Pro;Pro category;Article;Full Reports;content assignment,Manu,1,2025-12-11T19:57:37.355Z,2025-12-11T19:57:38.278Z
f6fcb5ec-5259-4471-b1db-2c50d00bc931,SM Pro - Incorrect Restart Option for Active Subscriptions,"Investigate the issue where the Subscriptions section incorrectly shows a 'RESTART PLAN' option for active subscriptions. This was identified using the 'Switch to' feature, and it is assumed to be incorrect as the plan is still active.",SM Pro;subscriptions;restart option;active plan;incorrect display,Manu,1,2025-12-11T20:31:59.711Z,2025-12-11T20:32:00.658Z
f7c283b0-25ba-4aae-bef8-1255448193e8,Feature Image Clarity Issues in New Design Rollout,"Ongoing issues with blurred or downscaled feature images in the new design rollout, particularly on new devices. Discussion includes potential causes and solutions to ensure image clarity.",feature image;resolution;new design;rollout;image size,Manu,2,2025-12-11T21:26:01.617Z,2025-12-11T21:36:33.303Z
f828f73f-7294-43ae-b464-3c7e065666af,Advertise With Us Form - Data Collection and CM Integration Issue,Investigate the issue where the 'Advertise With Us' form data is collected in WordPress but not sent to Campaign Monitor (CM). Determine if this flow is expected or requires adjustments.,Advertise With Us;survey form;Next button;submission issue,Manu;Parnia,6,2025-12-11T20:50:51.608Z,2025-12-11T21:33:15.637Z
f8dd57fe-b144-4e81-891c-8f9b25350fdf,Meta Pixel Events and CAPI Integration,Discussion on adding new events to Meta Pixel for different subscriptions and understanding the requirements for changing CAPI integration.,Meta Pixel;CAPI;events;integration;subscriptions,Manu,1,2025-12-11T20:59:03.937Z,2025-12-11T20:59:05.382Z
f8f68e76-ba9b-47d1-95e0-cfc2bcdd393d,SM Inline Subscription Form - Dynamic Block Update,"Discussion on the SM inline subscription form being a dynamic block, which updates across all posts when modified.",SM inline;subscription form;dynamic block;update,Abdurrahman,1,2025-12-11T21:39:21.41Z,2025-12-11T21:39:22.838Z
f95206a3-7b9e-408b-9c0c-2fbe73399e36,Meeting Rescheduling - Logistics,Messages related to scheduling or rescheduling meetings and calls.,meeting;call;reschedule;schedule;logistics,Parnia,1,2025-12-11T20:45:56.373Z,2025-12-11T20:45:57.941Z
f9cb4e57-3383-4ec0-b186-8fa49978461d,SM Pro - Content Recommendation Strategy for Homepage and Default Content Display,"Discussion on the strategy for ordering content recommendations on the SM Pro homepage, focusing on relevance versus publish date, and default content display when no specific recommendations are available.",content recommendation;homepage;relevance;publish date;strategy,Abdurrahman;Manu,4,2025-12-11T21:18:15.216Z,2025-12-11T21:28:14.633Z
fd2d1787-b5bc-4b4a-87fa-803e8aa06287,ClickWorthy Section Issue Investigation,"Investigation and resolution of issues related to the ClickWorthy section, as reported by team members. This includes identifying the root cause and implementing necessary fixes.",ClickWorthy;section;issue;investigation,Masoud Tahsiri;Manu,2,2025-12-11T22:12:28.883Z,2025-12-11T22:12:37.968Z
fead5fd4-3524-45f2-aa6c-d70711d6d145,Dashboard - Duplicate Content Strategy Discussion,"Discussion on the strategy for handling duplicate content across different sections of the dashboard, specifically regarding the ""Articles You Might Like"" and ""Featured Content"" sections. Evaluating the impact of content repetition on user engagement.",Learning Hub;structure;navigation;Featured Content;personalized content;dashboard,Abdurrahman,2,2025-12-11T20:31:36.466Z,2025-12-11T21:29:33.239Z
ffced468-6d97-470b-9203-930eb4d36057,Data Stories and URL Slug Recognition Issue,"Investigate and resolve the issue where URL slugs with categories are not recognized by the server, causing broken links. This may involve checking server configurations or CMS settings.",Data Stories;broken links;link issue;articles exist,Manu,4,2025-12-11T20:59:49.471Z,2025-12-11T21:00:16.86Z